title,description,date
Phishing Campaign Alert,New phishing emails targeting employees,2025-12-01
Ransomware Threat,Detected ransomware targeting internal servers,2025-12-02
Zero-Day Vulnerability,Critical vulnerability in company software,2025-12-03
Insider Threat Analysis,Suspicious internal activity detected,2025-12-04
Data Breach Report,Unauthorized access to confidential data,2025-12-05
Malware Infection,New malware strain identified,2025-12-06
DDoS Alert,High volume attack on public services,2025-12-07
Phishing Update,Follow-up on ongoing phishing campaigns,2025-12-08
Ransomware Update,Recovery and mitigation steps,2025-12-09
Vulnerability Patch,Security patch released for critical bug,2025-12-10
Threat Intelligence Summary,Weekly threat intelligence briefing,2025-12-11
Insider Activity Alert,Monitoring suspicious employee activity,2025-12-12
Cybersecurity Advisory,Important security update issued,2025-12-13
DDoS Threat Analysis,Detailed analysis of network attack,2025-12-14
Malware Threat Report,Summary of latest malware infections,2025-12-15

